[
  {
    "badge_id": "badge1",
    "evidence_id": "evidence1",
    "actor_id": "Expert1",
    "badge_type": "FACT",
    "confidence": 1.0,
    "judicial_weight": 0.99,
    "comment": "DNA match confirmed, superseding initial weight 0.95.",
    "timestamp": "2025-11-13T15:00:00Z",
    "signatures": ["0xSigExpert1_DNA..."]
  },
  {
    "badge_id": "badge2",
    "evidence_id": "evidence2",
    "actor_id": "Judge1",
    "badge_type": "OPINION",
    "confidence": 0.6,
    "judicial_weight": 0.1,
    "comment": "Testimony suspect due to coercion signals (0.7). Weight substantially reduced from 0.5.",
    "timestamp": "2025-11-13T15:05:00Z",
    "signatures": ["0xSigJudge1_Testimony..."]
  }
]