{
  "$schema": "http://json-schema.org/draft-07/schema#",
  "title": "Evidence Contract",
  "type": "object",
  "properties": {
    "schema_version": { "type": "string" },
    "case_id": { "type": "string" },
    "evidence": {
      "type": "array",
      "items": {
        "type": "object",
        "properties": {
          "evidence_id": { "type": "string" },
          "type": { "type": "string" },
          "source": { "type": "string" },
          "timestamp": { "type": "string" },
          "content_hash": { "type": "string" },
          "content_cid": { "type": "string" },
          "source_hash": { "type": "string" },
          "weight": { "type": "number" },
          "validity_score": { "type": "number" },
          "coercion_score": { "type": "number" },
          "signatures": {
            "type": "array",
            "items": { "type": "string" }
          },
          "metadata": { "type": "object" }
        },
        "required": ["evidence_id", "type", "source", "timestamp", "content_hash", "content_cid", "source_hash", "weight", "validity_score", "coercion_score", "signatures"]
      }
    },
    "badges": {
      "type": "array",
      "items": {
        "type": "object",
        "properties": {
          "badge_id": { "type": "string" },
          "evidence_id": { "type": "string" },
          "actor_id": { "type": "string" },
          "badge_type": { "type": "string" },
          "confidence": { "type": "number" },
          "judicial_weight": { "type": "number" },
          "comment": { "type": "string" },
          "timestamp": { "type": "string" },
          "signatures": {
            "type": "array",
            "items": { "type": "string" }
          }
        },
        "required": ["badge_id", "evidence_id", "actor_id", "badge_type", "confidence", "judicial_weight", "comment", "timestamp", "signatures"]
      }
    },
    "pressure_metrics": {
      "type": "object",
      "properties": {
        "pressure_score": { "type": "number" },
        "assessment_method": { "type": "string" }
      }
    },
    "governance": {
      "type": "object",
      "properties": {
        "risk_tier": { "type": "string" },
        "action": { "type": "string" },
        "reason": { "type": "string" }
      }
    },
    "blockchain_anchor": {
      "type": "object",
      "properties": {
        "merkle_root": { "type": "string" },
        "tx_hash": { "type": "string" },
        "tx_id": { "type": "string" },
        "anchored_at": { "type": "string" }
      }
    }
  },
  "required": ["schema_version", "case_id", "evidence", "badges", "pressure_metrics", "governance", "blockchain_anchor"]
}