[
  {
    "evidence_id": "evidence1",
    "type": "DNA",
    "source": "LabX",
    "timestamp": "2025-11-13T14:00:00Z",
    "content_hash": "abcdef1234567890abcdef1234567890",
    "content_cid": "ipfs://QmXYZ...",
    "source_hash": "abcdef1234567890abcdef1234567890",
    "weight": 0.95,
    "validity_score": 1.0,
    "coercion_score": 0.0,
    "signatures": ["0xSignatureDNAExpert..."],
    "metadata": {"file_size": 10240}
  },
  {
    "evidence_id": "evidence2",
    "type": "Testimony",
    "source": "WitnessA",
    "timestamp": "2025-11-13T14:10:00Z",
    "content_hash": "123456abcdef7890123456abcdef7890",
    "content_cid": "ipfs://QmABC...",
    "source_hash": "123456abcdef7890123456abcdef7890",
    "weight": 0.5,
    "validity_score": 0.4,
    "coercion_score": 0.7,
    "signatures": ["0xSignatureWitness..."],
    "metadata": {"recording_duration": 360}
  }
]