{
  "schema_version": "2.0",
  "case_id": "CASE-001",
  "evidence": [
    {
      "evidence_id": "evidence1",
      "type": "DNA",
      "source": "LabX",
      "timestamp": "2025-11-13T14:00:00Z",
      "content_hash": "abcdef1234567890abcdef1234567890",
      "content_cid": "ipfs://QmXYZ...",
      "source_hash": "abcdef1234567890abcdef1234567890",
      "weight": 0.95,
      "validity_score": 1.0,
      "coercion_score": 0.0,
      "signatures": ["0xSignatureDNAExpert..."],
      "metadata": {}
    },
    {
      "evidence_id": "evidence2",
      "type": "Testimony",
      "source": "WitnessA",
      "timestamp": "2025-11-13T14:10:00Z",
      "content_hash": "123456abcdef7890123456abcdef7890",
      "content_cid": "ipfs://QmABC...",
      "source_hash": "123456abcdef7890123456abcdef7890",
      "weight": 0.5,
      "validity_score": 0.4,
      "coercion_score": 0.7,
      "signatures": ["0xSignatureWitness..."],
      "metadata": {}
    }
  ],
  "badges": [
    {
      "badge_id": "badge1",
      "evidence_id": "evidence1",
      "actor_id": "Expert1",
      "badge_type": "FACT",
      "confidence": 1.0,
      "judicial_weight": 0.99,
      "comment": "DNA match confirmed.",
      "timestamp": "2025-11-13T15:00:00Z",
      "signatures": ["0xSigExpert1_DNA..."]
    },
    {
      "badge_id": "badge2",
      "evidence_id": "evidence2",
      "actor_id": "Judge1",
      "badge_type": "OPINION",
      "confidence": 0.6,
      "judicial_weight": 0.1,
      "comment": "Testimony suspect due to coercion signals.",
      "timestamp": "2025-11-13T15:05:00Z",
      "signatures": ["0xSigJudge1_Testimony..."]
    }
  ],
  "pressure_metrics": {
    "pressure_score": 0.75,
    "assessment_method": "AI/NLP"
  },
  "governance": {
    "risk_tier": "HIGH",
    "action": "HALT_PROCEEDING",
    "reason": "Judicial Weight reduction on key evidence due to high coercion risk."
  },
  "blockchain_anchor": {
    "merkle_root": "0xabc1234567890abcdef1234567890abc1234567890abcdef1234567890",
    "tx_hash": "0xdeadbeef1234567890abcdef1234567890deadbeef1234567890abcdef1234567890",
    "tx_id": "0x1234567890abcdef",
    "anchored_at": "2025-11-13T15:10:00Z"
  }
}